"id";"name";"state_id";"created_at";"updated_at"
"1";"Aba North";"1";"2019-09-09 20:16:18";"2019-09-09 20:16:18"
"2";"Aba South";"1";"2019-09-09 20:16:18";"2019-09-09 20:16:18"
"3";"Arochukwu";"1";"2019-09-09 20:16:18";"2019-09-09 20:16:18"
"4";"Bende";"1";"2019-09-09 20:16:18";"2019-09-09 20:16:18"
"5";"Ikwuano";"1";"2019-09-09 20:16:18";"2019-09-09 20:16:18"
"6";"Isiala-Ngwa North";"1";"2019-09-09 20:16:18";"2019-09-09 20:16:18"
"7";"Isiala-Ngwa South";"1";"2019-09-09 20:16:18";"2019-09-09 20:16:18"
"8";"Isuikwuato";"1";"2019-09-09 20:16:18";"2019-09-09 20:16:18"
"9";"Obi Ngwa";"1";"2019-09-09 20:16:18";"2019-09-09 20:16:18"
"10";"Ohafia";"1";"2019-09-09 20:16:18";"2019-09-09 20:16:18"
"11";"Osisioma Ngwa";"1";"2019-09-09 20:16:18";"2019-09-09 20:16:18"
"12";"Ugwunagbo";"1";"2019-09-09 20:16:18";"2019-09-09 20:16:18"
"13";"Ukwa East";"1";"2019-09-09 20:16:18";"2019-09-09 20:16:18"
"14";"Ukwa West";"1";"2019-09-09 20:16:18";"2019-09-09 20:16:18"
"15";"Umuahia North";"1";"2019-09-09 20:16:18";"2019-09-09 20:16:18"
"16";"Umuahia South";"1";"2019-09-09 20:16:18";"2019-09-09 20:16:18"
"17";"Umu Nneochi";"1";"2019-09-09 20:16:18";"2019-09-09 20:16:18"
"18";"Demsa";"3";"2019-09-09 20:16:18";"2019-09-09 20:16:18"
"19";"Fufore";"3";"2019-09-09 20:16:18";"2019-09-09 20:16:18"
"20";"Ganye";"3";"2019-09-09 20:16:18";"2019-09-09 20:16:18"
"21";"Girei";"3";"2019-09-09 20:16:18";"2019-09-09 20:16:18"
"22";"Gombi";"3";"2019-09-09 20:16:18";"2019-09-09 20:16:18"
"23";"Guyuk";"3";"2019-09-09 20:16:18";"2019-09-09 20:16:18"
"24";"Hong";"3";"2019-09-09 20:16:18";"2019-09-09 20:16:18"
"25";"Jada";"3";"2019-09-09 20:16:18";"2019-09-09 20:16:18"
"26";"Lamurde";"3";"2019-09-09 20:16:18";"2019-09-09 20:16:18"
"27";"Madagali";"3";"2019-09-09 20:16:18";"2019-09-09 20:16:18"
"28";"Mayo-Belwa";"3";"2019-09-09 20:16:18";"2019-09-09 20:16:18"
"29";"Michika";"3";"2019-09-09 20:16:18";"2019-09-09 20:16:18"
"30";"Mubi North";"3";"2019-09-09 20:16:18";"2019-09-09 20:16:18"
"31";"Mubi South";"3";"2019-09-09 20:16:18";"2019-09-09 20:16:18"
"32";"Numan";"3";"2019-09-09 20:16:18";"2019-09-09 20:16:18"
"33";"Shelleng";"3";"2019-09-09 20:16:18";"2019-09-09 20:16:18"
"34";"Song";"3";"2019-09-09 20:16:18";"2019-09-09 20:16:18"
"35";"Toungo";"3";"2019-09-09 20:16:18";"2019-09-09 20:16:18"
"36";"Yola North";"3";"2019-09-09 20:16:19";"2019-09-09 20:16:19"
"37";"Yola South";"3";"2019-09-09 20:16:19";"2019-09-09 20:16:19"
"38";"Abak";"4";"2019-09-09 20:16:19";"2019-09-09 20:16:19"
"39";"Eastern Obolo";"4";"2019-09-09 20:16:19";"2019-09-09 20:16:19"
"40";"Eket";"4";"2019-09-09 20:16:19";"2019-09-09 20:16:19"
"41";"Esit-Eket";"4";"2019-09-09 20:16:19";"2019-09-09 20:16:19"
"42";"Essien Udim";"4";"2019-09-09 20:16:19";"2019-09-09 20:16:19"
"43";"Etim-Ekpo";"4";"2019-09-09 20:16:19";"2019-09-09 20:16:19"
"44";"Etinan";"4";"2019-09-09 20:16:19";"2019-09-09 20:16:19"
"45";"Ibeno";"4";"2019-09-09 20:16:19";"2019-09-09 20:16:19"
"46";"Ibesikpo Asutan";"4";"2019-09-09 20:16:19";"2019-09-09 20:16:19"
"47";"Ibiono Ibom";"4";"2019-09-09 20:16:19";"2019-09-09 20:16:19"
"48";"Ika";"4";"2019-09-09 20:16:19";"2019-09-09 20:16:19"
"49";"Ikono";"4";"2019-09-09 20:16:19";"2019-09-09 20:16:19"
"50";"Ikot Abasi";"4";"2019-09-09 20:16:19";"2019-09-09 20:16:19"
"51";"Ikot Ekpene";"4";"2019-09-09 20:16:19";"2019-09-09 20:16:19"
"52";"Ini";"4";"2019-09-09 20:16:19";"2019-09-09 20:16:19"
"53";"Itu";"4";"2019-09-09 20:16:19";"2019-09-09 20:16:19"
"54";"Mbo";"4";"2019-09-09 20:16:19";"2019-09-09 20:16:19"
"55";"Mkpat Enin";"4";"2019-09-09 20:16:19";"2019-09-09 20:16:19"
"56";"Nsit Atai";"4";"2019-09-09 20:16:19";"2019-09-09 20:16:19"
"57";"Nsit Ibom";"4";"2019-09-09 20:16:19";"2019-09-09 20:16:19"
"58";"Nsit Ubium";"4";"2019-09-09 20:16:19";"2019-09-09 20:16:19"
"59";"Obot Akara";"4";"2019-09-09 20:16:19";"2019-09-09 20:16:19"
"60";"Okobo";"4";"2019-09-09 20:16:19";"2019-09-09 20:16:19"
"61";"Onna";"4";"2019-09-09 20:16:19";"2019-09-09 20:16:19"
"62";"Oron";"4";"2019-09-09 20:16:19";"2019-09-09 20:16:19"
"63";"Oruk Anam";"4";"2019-09-09 20:16:19";"2019-09-09 20:16:19"
"64";"Udung Uko";"4";"2019-09-09 20:16:19";"2019-09-09 20:16:19"
"65";"Ukanafun";"4";"2019-09-09 20:16:19";"2019-09-09 20:16:19"
"66";"Uquo-Ibeno";"4";"2019-09-09 20:16:19";"2019-09-09 20:16:19"
"67";"Uruan";"4";"2019-09-09 20:16:19";"2019-09-09 20:16:19"
"68";"Urue-Offong/Oruko";"4";"2019-09-09 20:16:19";"2019-09-09 20:16:19"
"69";"Uyo";"4";"2019-09-09 20:16:19";"2019-09-09 20:16:19"
"70";"Aguata";"5";"2019-09-09 20:16:19";"2019-09-09 20:16:19"
"71";"Anambra East";"5";"2019-09-09 20:16:19";"2019-09-09 20:16:19"
"72";"Anambra West";"5";"2019-09-09 20:16:19";"2019-09-09 20:16:19"
"73";"Anaocha";"5";"2019-09-09 20:16:19";"2019-09-09 20:16:19"
"74";"Awka North";"5";"2019-09-09 20:16:19";"2019-09-09 20:16:19"
"75";"Awka South";"5";"2019-09-09 20:16:19";"2019-09-09 20:16:19"
"76";"Ayamelum";"5";"2019-09-09 20:16:19";"2019-09-09 20:16:19"
"77";"Dunukofia";"5";"2019-09-09 20:16:19";"2019-09-09 20:16:19"
"78";"Ekwusigo";"5";"2019-09-09 20:16:19";"2019-09-09 20:16:19"
"79";"Idemili North";"5";"2019-09-09 20:16:19";"2019-09-09 20:16:19"
"80";"Idemili South";"5";"2019-09-09 20:16:19";"2019-09-09 20:16:19"
"81";"Ihiala";"5";"2019-09-09 20:16:19";"2019-09-09 20:16:19"
"82";"Njikoka";"5";"2019-09-09 20:16:19";"2019-09-09 20:16:19"
"83";"Nnewi North";"5";"2019-09-09 20:16:19";"2019-09-09 20:16:19"
"84";"Nnewi South";"5";"2019-09-09 20:16:19";"2019-09-09 20:16:19"
"85";"Ogbaru";"5";"2019-09-09 20:16:19";"2019-09-09 20:16:19"
"86";"Onitsha North";"5";"2019-09-09 20:16:19";"2019-09-09 20:16:19"
"87";"Onitsha South";"5";"2019-09-09 20:16:19";"2019-09-09 20:16:19"
"88";"Orumba North";"5";"2019-09-09 20:16:19";"2019-09-09 20:16:19"
"89";"Orumba South";"5";"2019-09-09 20:16:19";"2019-09-09 20:16:19"
"90";"Oyi";"5";"2019-09-09 20:16:19";"2019-09-09 20:16:19"
"91";"Alkaleri";"6";"2019-09-09 20:16:19";"2019-09-09 20:16:19"
"92";"Bauchi LGA";"6";"2019-09-09 20:16:19";"2019-09-09 20:16:19"
"93";"Bogoro";"6";"2019-09-09 20:16:19";"2019-09-09 20:16:19"
"94";"Damban";"6";"2019-09-09 20:16:19";"2019-09-09 20:16:19"
"95";"Darazo";"6";"2019-09-09 20:16:19";"2019-09-09 20:16:19"
"96";"Dass";"6";"2019-09-09 20:16:19";"2019-09-09 20:16:19"
"97";"Gamawa";"6";"2019-09-09 20:16:19";"2019-09-09 20:16:19"
"98";"Ganjuwa";"6";"2019-09-09 20:16:19";"2019-09-09 20:16:19"
"99";"Giade";"6";"2019-09-09 20:16:19";"2019-09-09 20:16:19"
"100";"Itas/Gadau";"6";"2019-09-09 20:16:19";"2019-09-09 20:16:19"
"102";"Katagum";"6";"2019-09-09 20:16:19";"2019-09-09 20:16:19"
"103";"Kirfi";"6";"2019-09-09 20:16:19";"2019-09-09 20:16:19"
"104";"Misau";"6";"2019-09-09 20:16:19";"2019-09-09 20:16:19"
"105";"Shira";"6";"2019-09-09 20:16:19";"2019-09-09 20:16:19"
"106";"Toro";"6";"2019-09-09 20:16:19";"2019-09-09 20:16:19"
"107";"Warji";"6";"2019-09-09 20:16:19";"2019-09-09 20:16:19"
"108";"Zaki";"6";"2019-09-09 20:16:19";"2019-09-09 20:16:19"
"109";"Brass";"7";"2019-09-09 20:16:19";"2019-09-09 20:16:19"
"110";"Ekeremor";"7";"2019-09-09 20:16:19";"2019-09-09 20:16:19"
"111";"Kolokuma/Opokuma";"7";"2019-09-09 20:16:19";"2019-09-09 20:16:19"
"112";"Nembe";"7";"2019-09-09 20:16:19";"2019-09-09 20:16:19"
"113";"Ogbia";"7";"2019-09-09 20:16:19";"2019-09-09 20:16:19"
"114";"Sagbama";"7";"2019-09-09 20:16:19";"2019-09-09 20:16:19"
"115";"Southern Ijaw";"7";"2019-09-09 20:16:19";"2019-09-09 20:16:19"
"116";"Yenagoa";"7";"2019-09-09 20:16:19";"2019-09-09 20:16:19"
"117";"Ado";"8";"2019-09-09 20:16:19";"2019-09-09 20:16:19"
"118";"Agatu";"8";"2019-09-09 20:16:19";"2019-09-09 20:16:19"
"119";"Apa";"8";"2019-09-09 20:16:19";"2019-09-09 20:16:19"
"120";"Buruku";"8";"2019-09-09 20:16:19";"2019-09-09 20:16:19"
"121";"Gboko";"8";"2019-09-09 20:16:19";"2019-09-09 20:16:19"
"122";"Guma";"8";"2019-09-09 20:16:19";"2019-09-09 20:16:19"
"123";"Gwer East";"8";"2019-09-09 20:16:19";"2019-09-09 20:16:19"
"124";"Gwer West";"8";"2019-09-09 20:16:19";"2019-09-09 20:16:19"
"126";"Kwande";"8";"2019-09-09 20:16:19";"2019-09-09 20:16:19"
"127";"Logo";"8";"2019-09-09 20:16:19";"2019-09-09 20:16:19"
"128";"Makurdi";"8";"2019-09-09 20:16:19";"2019-09-09 20:16:19"
"129";"Obi";"8";"2019-09-09 20:16:19";"2019-09-09 20:16:19"
"130";"Ogbadibo";"8";"2019-09-09 20:16:19";"2019-09-09 20:16:19"
"131";"Ohimini";"8";"2019-09-09 20:16:19";"2019-09-09 20:16:19"
"132";"Oju";"8";"2019-09-09 20:16:19";"2019-09-09 20:16:19"
"133";"Okpokwu";"8";"2019-09-09 20:16:19";"2019-09-09 20:16:19"
"134";"Otukpo";"8";"2019-09-09 20:16:19";"2019-09-09 20:16:19"
"135";"Tarka";"8";"2019-09-09 20:16:19";"2019-09-09 20:16:19"
"136";"Ukum";"8";"2019-09-09 20:16:19";"2019-09-09 20:16:19"
"137";"Ushongo";"8";"2019-09-09 20:16:20";"2019-09-09 20:16:20"
"138";"Vandeikya";"8";"2019-09-09 20:16:20";"2019-09-09 20:16:20"
"139";"Abadam";"9";"2019-09-09 20:16:20";"2019-09-09 20:16:20"
"140";"Askira/Uba";"9";"2019-09-09 20:16:20";"2019-09-09 20:16:20"
"141";"Bama";"9";"2019-09-09 20:16:20";"2019-09-09 20:16:20"
"142";"Biu";"9";"2019-09-09 20:16:20";"2019-09-09 20:16:20"
"143";"Chibok";"9";"2019-09-09 20:16:20";"2019-09-09 20:16:20"
"144";"Damboa";"9";"2019-09-09 20:16:20";"2019-09-09 20:16:20"
"145";"Dikwa";"9";"2019-09-09 20:16:20";"2019-09-09 20:16:20"
"146";"Gubio";"9";"2019-09-09 20:16:20";"2019-09-09 20:16:20"
"147";"Guzamala";"9";"2019-09-09 20:16:20";"2019-09-09 20:16:20"
"148";"Gwoza";"9";"2019-09-09 20:16:20";"2019-09-09 20:16:20"
"149";"Jere";"9";"2019-09-09 20:16:20";"2019-09-09 20:16:20"
"150";"Konduga";"9";"2019-09-09 20:16:20";"2019-09-09 20:16:20"
"151";"Kukawa";"9";"2019-09-09 20:16:20";"2019-09-09 20:16:20"
"152";"Mafa";"9";"2019-09-09 20:16:20";"2019-09-09 20:16:20"
"153";"Magumeri";"9";"2019-09-09 20:16:20";"2019-09-09 20:16:20"
"154";"Maiduguri";"9";"2019-09-09 20:16:20";"2019-09-09 20:16:20"
"155";"Abi";"10";"2019-09-09 20:16:20";"2019-09-09 20:16:20"
"156";"Akamkpa";"10";"2019-09-09 20:16:20";"2019-09-09 20:16:20"
"157";"Akpabuyo";"10";"2019-09-09 20:16:20";"2019-09-09 20:16:20"
"158";"Bakassi";"10";"2019-09-09 20:16:20";"2019-09-09 20:16:20"
"159";"Bekwara";"10";"2019-09-09 20:16:20";"2019-09-09 20:16:20"
"160";"Biase";"10";"2019-09-09 20:16:20";"2019-09-09 20:16:20"
"161";"Boki";"10";"2019-09-09 20:16:20";"2019-09-09 20:16:20"
"162";"Calabar-Municipal";"10";"2019-09-09 20:16:20";"2019-09-09 20:16:20"
"163";"Calabar South";"10";"2019-09-09 20:16:20";"2019-09-09 20:16:20"
"164";"Etung";"10";"2019-09-09 20:16:20";"2019-09-09 20:16:20"
"165";"Ikom";"10";"2019-09-09 20:16:20";"2019-09-09 20:16:20"
"166";"Obanliku";"10";"2019-09-09 20:16:20";"2019-09-09 20:16:20"
"167";"Obubra";"10";"2019-09-09 20:16:20";"2019-09-09 20:16:20"
"168";"Obudu";"10";"2019-09-09 20:16:20";"2019-09-09 20:16:20"
"169";"Odukpani";"10";"2019-09-09 20:16:20";"2019-09-09 20:16:20"
"170";"Ogoja";"10";"2019-09-09 20:16:20";"2019-09-09 20:16:20"
"171";"Yakuur";"10";"2019-09-09 20:16:20";"2019-09-09 20:16:20"
"172";"Yala";"10";"2019-09-09 20:16:20";"2019-09-09 20:16:20"
"173";"Aniocha North";"11";"2019-09-09 20:16:20";"2019-09-09 20:16:20"
"174";"Aniocha South";"11";"2019-09-09 20:16:20";"2019-09-09 20:16:20"
"175";"Bomadi";"11";"2019-09-09 20:16:20";"2019-09-09 20:16:20"
"176";"Burutu";"11";"2019-09-09 20:16:20";"2019-09-09 20:16:20"
"177";"Ethiope East";"11";"2019-09-09 20:16:20";"2019-09-09 20:16:20"
"178";"Ethiope West";"11";"2019-09-09 20:16:20";"2019-09-09 20:16:20"
"179";"Ika North East";"11";"2019-09-09 20:16:20";"2019-09-09 20:16:20"
"180";"Ika South";"11";"2019-09-09 20:16:20";"2019-09-09 20:16:20"
"181";"Isoko North";"11";"2019-09-09 20:16:20";"2019-09-09 20:16:20"
"182";"Isoko South";"11";"2019-09-09 20:16:20";"2019-09-09 20:16:20"
"183";"Ndokwa East";"11";"2019-09-09 20:16:20";"2019-09-09 20:16:20"
"184";"Ndokwa West";"11";"2019-09-09 20:16:20";"2019-09-09 20:16:20"
"185";"Okpe";"11";"2019-09-09 20:16:20";"2019-09-09 20:16:20"
"186";"Oshimili North";"11";"2019-09-09 20:16:20";"2019-09-09 20:16:20"
"187";"Oshimili South";"11";"2019-09-09 20:16:20";"2019-09-09 20:16:20"
"188";"Patani";"11";"2019-09-09 20:16:20";"2019-09-09 20:16:20"
"189";"Sapele";"11";"2019-09-09 20:16:20";"2019-09-09 20:16:20"
"190";"Udu";"11";"2019-09-09 20:16:20";"2019-09-09 20:16:20"
"191";"Ughelli North";"11";"2019-09-09 20:16:20";"2019-09-09 20:16:20"
"192";"Ughelli South";"11";"2019-09-09 20:16:20";"2019-09-09 20:16:20"
"193";"Ukwuani";"11";"2019-09-09 20:16:20";"2019-09-09 20:16:20"
"194";"Uvwie";"11";"2019-09-09 20:16:20";"2019-09-09 20:16:20"
"195";"Warri North";"11";"2019-09-09 20:16:20";"2019-09-09 20:16:20"
"196";"Warri South";"11";"2019-09-09 20:16:20";"2019-09-09 20:16:20"
"197";"Warri South-West";"11";"2019-09-09 20:16:20";"2019-09-09 20:16:20"
"198";"Abakaliki";"12";"2019-09-09 20:16:20";"2019-09-09 20:16:20"
"199";"Afikpo North";"12";"2019-09-09 20:16:20";"2019-09-09 20:16:20"
"200";"Afikpo South";"12";"2019-09-09 20:16:20";"2019-09-09 20:16:20"
"201";"Ebonyi";"12";"2019-09-09 20:16:20";"2019-09-09 20:16:20"
"202";"Ezza North";"12";"2019-09-09 20:16:20";"2019-09-09 20:16:20"
"203";"Ezza South";"12";"2019-09-09 20:16:20";"2019-09-09 20:16:20"
"204";"Ikwo";"12";"2019-09-09 20:16:20";"2019-09-09 20:16:20"
"205";"Ishielu";"12";"2019-09-09 20:16:20";"2019-09-09 20:16:20"
"206";"Ivo";"12";"2019-09-09 20:16:20";"2019-09-09 20:16:20"
"207";"Izzi";"12";"2019-09-09 20:16:20";"2019-09-09 20:16:20"
"208";"Ohaozara";"12";"2019-09-09 20:16:20";"2019-09-09 20:16:20"
"209";"Ohaukwu";"12";"2019-09-09 20:16:20";"2019-09-09 20:16:20"
"210";"Onicha";"12";"2019-09-09 20:16:20";"2019-09-09 20:16:20"
"211";"Akoko-Edo";"13";"2019-09-09 20:16:20";"2019-09-09 20:16:20"
"212";"Egor";"13";"2019-09-09 20:16:20";"2019-09-09 20:16:20"
"213";"Esan Central";"13";"2019-09-09 20:16:20";"2019-09-09 20:16:20"
"214";"Esan North East";"13";"2019-09-09 20:16:20";"2019-09-09 20:16:20"
"215";"Esan South East";"13";"2019-09-09 20:16:20";"2019-09-09 20:16:20"
"216";"Esan West";"13";"2019-09-09 20:16:20";"2019-09-09 20:16:20"
"217";"Etsako Central";"13";"2019-09-09 20:16:20";"2019-09-09 20:16:20"
"218";"Etsako East";"13";"2019-09-09 20:16:20";"2019-09-09 20:16:20"
"219";"Etsako West";"13";"2019-09-09 20:16:20";"2019-09-09 20:16:20"
"220";"Igueben";"13";"2019-09-09 20:16:20";"2019-09-09 20:16:20"
"221";"Ikpoba-Okha";"13";"2019-09-09 20:16:20";"2019-09-09 20:16:20"
"222";"Oredo";"13";"2019-09-09 20:16:20";"2019-09-09 20:16:20"
"223";"Orhionmwon";"13";"2019-09-09 20:16:20";"2019-09-09 20:16:20"
"224";"Ovia North East";"13";"2019-09-09 20:16:20";"2019-09-09 20:16:20"
"225";"Ovia South West";"13";"2019-09-09 20:16:20";"2019-09-09 20:16:20"
"226";"Owan East";"13";"2019-09-09 20:16:20";"2019-09-09 20:16:20"
"227";"Owan West";"13";"2019-09-09 20:16:20";"2019-09-09 20:16:20"
"228";"Uhunmwonde";"13";"2019-09-09 20:16:20";"2019-09-09 20:16:20"
"229";"Ado Ekiti";"14";"2019-09-09 20:16:20";"2019-09-09 20:16:20"
"230";"Efon";"14";"2019-09-09 20:16:20";"2019-09-09 20:16:20"
"231";"Ekiti East";"14";"2019-09-09 20:16:20";"2019-09-09 20:16:20"
"232";"Ekiti South West";"14";"2019-09-09 20:16:20";"2019-09-09 20:16:20"
"233";"Ekiti West";"14";"2019-09-09 20:16:20";"2019-09-09 20:16:20"
"234";"Emure";"14";"2019-09-09 20:16:20";"2019-09-09 20:16:20"
"236";"Ijero";"14";"2019-09-09 20:16:21";"2019-09-09 20:16:21"
"237";"Ikere";"14";"2019-09-09 20:16:21";"2019-09-09 20:16:21"
"238";"Ikole";"14";"2019-09-09 20:16:21";"2019-09-09 20:16:21"
"239";"Ilejemeje";"14";"2019-09-09 20:16:21";"2019-09-09 20:16:21"
"240";"Irepodun/Ifelodun";"14";"2019-09-09 20:16:21";"2019-09-09 20:16:21"
"241";"Ise/Orun";"14";"2019-09-09 20:16:21";"2019-09-09 20:16:21"
"242";"Moba";"14";"2019-09-09 20:16:21";"2019-09-09 20:16:21"
"243";"Oye";"14";"2019-09-09 20:16:21";"2019-09-09 20:16:21"
"244";"Aninri";"15";"2019-09-09 20:16:21";"2019-09-09 20:16:21"
"245";"Awgu";"15";"2019-09-09 20:16:21";"2019-09-09 20:16:21"
"246";"Enugu East";"15";"2019-09-09 20:16:21";"2019-09-09 20:16:21"
"247";"Enugu North";"15";"2019-09-09 20:16:21";"2019-09-09 20:16:21"
"248";"Enugu South";"15";"2019-09-09 20:16:21";"2019-09-09 20:16:21"
"249";"Ezeagu";"15";"2019-09-09 20:16:21";"2019-09-09 20:16:21"
"250";"Igbo-Etiti";"15";"2019-09-09 20:16:21";"2019-09-09 20:16:21"
"251";"Igbo-Eze North";"15";"2019-09-09 20:16:21";"2019-09-09 20:16:21"
"252";"Igbo Eze South";"15";"2019-09-09 20:16:21";"2019-09-09 20:16:21"
"253";"Isi-Uzo";"15";"2019-09-09 20:16:21";"2019-09-09 20:16:21"
"254";"Nkanu East";"15";"2019-09-09 20:16:21";"2019-09-09 20:16:21"
"255";"Nkanu West";"15";"2019-09-09 20:16:21";"2019-09-09 20:16:21"
"256";"Nsukka";"15";"2019-09-09 20:16:21";"2019-09-09 20:16:21"
"257";"Oji-River";"15";"2019-09-09 20:16:21";"2019-09-09 20:16:21"
"258";"Udenu";"15";"2019-09-09 20:16:21";"2019-09-09 20:16:21"
"259";"Udi";"15";"2019-09-09 20:16:21";"2019-09-09 20:16:21"
"260";"Uzo-Uwani";"15";"2019-09-09 20:16:21";"2019-09-09 20:16:21"
"261";"Abaji";"2";"2019-09-09 20:16:21";"2019-09-09 20:16:21"
"262";"Asokoro";"2";"2019-09-09 20:16:21";"2019-09-09 20:16:21"
"263";"Bwari";"2";"2019-09-09 20:16:21";"2019-09-09 20:16:21"
"264";"Central Business District";"2";"2019-09-09 20:16:21";"2019-09-09 20:16:21"
"265";"Chika";"2";"2019-09-09 20:16:21";"2019-09-09 20:16:21"
"266";"Dakidiya";"2";"2019-09-09 20:16:21";"2019-09-09 20:16:21"
"267";"Dakwo";"2";"2019-09-09 20:16:21";"2019-09-09 20:16:21"
"268";"Dei-Dei";"2";"2019-09-09 20:16:21";"2019-09-09 20:16:21"
"269";"Duboyi";"2";"2019-09-09 20:16:21";"2019-09-09 20:16:21"
"270";"Durumi";"2";"2019-09-09 20:16:21";"2019-09-09 20:16:21"
"271";"Dutse";"2";"2019-09-09 20:16:21";"2019-09-09 20:16:21"
"272";"Gaduwa";"2";"2019-09-09 20:16:21";"2019-09-09 20:16:21"
"273";"Galadimawa";"2";"2019-09-09 20:16:21";"2019-09-09 20:16:21"
"274";"Garki I";"2";"2019-09-09 20:16:21";"2019-09-09 20:16:21"
"275";"Garki II";"2";"2019-09-09 20:16:21";"2019-09-09 20:16:21"
"276";"Gudu";"2";"2019-09-09 20:16:21";"2019-09-09 20:16:21"
"277";"Guzape";"2";"2019-09-09 20:16:21";"2019-09-09 20:16:21"
"278";"Gwagwalada";"2";"2019-09-09 20:16:21";"2019-09-09 20:16:21"
"279";"Gwarinpa";"2";"2019-09-09 20:16:21";"2019-09-09 20:16:21"
"280";"Jabi";"2";"2019-09-09 20:16:21";"2019-09-09 20:16:21"
"281";"Jahi";"2";"2019-09-09 20:16:21";"2019-09-09 20:16:21"
"282";"Jukwoyi";"2";"2019-09-09 20:16:21";"2019-09-09 20:16:21"
"283";"Kabusa";"2";"2019-09-09 20:16:21";"2019-09-09 20:16:21"
"284";"Kado";"2";"2019-09-09 20:16:21";"2019-09-09 20:16:21"
"285";"Karmo";"2";"2019-09-09 20:16:21";"2019-09-09 20:16:21"
"286";"Karu - Nasarawa";"2";"2019-09-09 20:16:21";"2019-09-19 22:09:32"
"287";"Katampe";"2";"2019-09-09 20:16:21";"2019-09-09 20:16:21"
"288";"Kaura";"2";"2019-09-09 20:16:21";"2019-09-09 20:16:21"
"289";"Kubwa";"2";"2019-09-09 20:16:21";"2019-09-09 20:16:21"
"290";"Kuchigworo";"2";"2019-09-09 20:16:21";"2019-09-09 20:16:21"
"291";"Kuje";"2";"2019-09-09 20:16:21";"2019-09-09 20:16:21"
"292";"Kwali";"2";"2019-09-09 20:16:21";"2019-09-09 20:16:21"
"293";"Lokogoma";"2";"2019-09-09 20:16:21";"2019-09-09 20:16:21"
"294";"Lugbe";"2";"2019-09-09 20:16:21";"2019-09-09 20:16:21"
"295";"Mabuchi";"2";"2019-09-09 20:16:21";"2019-09-09 20:16:21"
"296";"Maitama";"2";"2019-09-09 20:16:21";"2019-09-09 20:16:21"
"297";"Mpape";"2";"2019-09-09 20:16:21";"2019-09-09 20:16:21"
"298";"Nbora";"2";"2019-09-09 20:16:21";"2019-09-09 20:16:21"
"299";"Nyanya";"2";"2019-09-09 20:16:21";"2019-09-09 20:16:21"
"300";"Pyakassa";"2";"2019-09-09 20:16:21";"2019-09-09 20:16:21"
"301";"Utako";"2";"2019-09-09 20:16:21";"2019-09-09 20:16:21"
"302";"Wumba";"2";"2019-09-09 20:16:21";"2019-09-09 20:16:21"
"303";"Wuse";"2";"2019-09-09 20:16:21";"2019-09-09 20:16:21"
"304";"Wuse II";"2";"2019-09-09 20:16:21";"2019-09-09 20:16:21"
"305";"Wuye";"2";"2019-09-09 20:16:21";"2019-09-09 20:16:21"
"306";"Akko";"16";"2019-09-09 20:16:21";"2019-09-09 20:16:21"
"307";"Balanga";"16";"2019-09-09 20:16:21";"2019-09-09 20:16:21"
"308";"Billiri";"16";"2019-09-09 20:16:21";"2019-09-09 20:16:21"
"309";"Dukku";"16";"2019-09-09 20:16:21";"2019-09-09 20:16:21"
"310";"Funakaye";"16";"2019-09-09 20:16:21";"2019-09-09 20:16:21"
"311";"Gombe LGA";"16";"2019-09-09 20:16:21";"2019-09-09 20:16:21"
"312";"Kaltungo";"16";"2019-09-09 20:16:21";"2019-09-09 20:16:21"
"313";"Kwami";"16";"2019-09-09 20:16:21";"2019-09-09 20:16:21"
"314";"Nafada";"16";"2019-09-09 20:16:21";"2019-09-09 20:16:21"
"315";"Shomgom";"16";"2019-09-09 20:16:21";"2019-09-09 20:16:21"
"316";"Yamaltu/Deba";"16";"2019-09-09 20:16:21";"2019-09-09 20:16:21"
"317";"Aboh-Mbaise";"17";"2019-09-09 20:16:21";"2019-09-09 20:16:21"
"318";"Ahiazu-Mbaise";"17";"2019-09-09 20:16:21";"2019-09-09 20:16:21"
"319";"Ehime-Mbano";"17";"2019-09-09 20:16:21";"2019-09-09 20:16:21"
"320";"Ezinihitte";"17";"2019-09-09 20:16:21";"2019-09-09 20:16:21"
"321";"Ezinihitte Mbaise";"17";"2019-09-09 20:16:21";"2019-09-09 20:16:21"
"322";"Ideato North";"17";"2019-09-09 20:16:21";"2019-09-09 20:16:21"
"323";"Ideato South";"17";"2019-09-09 20:16:21";"2019-09-09 20:16:21"
"324";"Ihitte/Uboma";"17";"2019-09-09 20:16:21";"2019-09-09 20:16:21"
"325";"Ikeduru";"17";"2019-09-09 20:16:21";"2019-09-09 20:16:21"
"326";"Isiala Mbano";"17";"2019-09-09 20:16:21";"2019-09-09 20:16:21"
"327";"Isu";"17";"2019-09-09 20:16:21";"2019-09-09 20:16:21"
"328";"Mbaitoli";"17";"2019-09-09 20:16:21";"2019-09-09 20:16:21"
"330";"Njaba";"17";"2019-09-09 20:16:21";"2019-09-09 20:16:21"
"331";"Nkwerre";"17";"2019-09-09 20:16:21";"2019-09-09 20:16:21"
"332";"Nwangele";"17";"2019-09-09 20:16:21";"2019-09-09 20:16:21"
"333";"Obowo";"17";"2019-09-09 20:16:21";"2019-09-09 20:16:21"
"334";"Oguta";"17";"2019-09-09 20:16:21";"2019-09-09 20:16:21"
"335";"Ohaji/Egbema";"17";"2019-09-09 20:16:21";"2019-09-09 20:16:21"
"336";"Okigwe";"17";"2019-09-09 20:16:21";"2019-09-09 20:16:21"
"337";"Onuimo";"17";"2019-09-09 20:16:22";"2019-09-09 20:16:22"
"338";"Orlu";"17";"2019-09-09 20:16:22";"2019-09-09 20:16:22"
"339";"Orsu";"17";"2019-09-09 20:16:22";"2019-09-09 20:16:22"
"340";"Oru East";"17";"2019-09-09 20:16:22";"2019-09-09 20:16:22"
"341";"Oru West";"17";"2019-09-09 20:16:22";"2019-09-09 20:16:22"
"343";"Owerri North";"17";"2019-09-09 20:16:22";"2019-09-09 20:16:22"
"344";"Owerri West";"17";"2019-09-09 20:16:22";"2019-09-09 20:16:22"
"345";"Babura";"18";"2019-09-09 20:16:22";"2019-09-09 20:16:22"
"346";"Biriniwa";"18";"2019-09-09 20:16:22";"2019-09-09 20:16:22"
"347";"Dutse-Jigawa";"18";"2019-09-09 20:16:22";"2019-09-09 20:16:22"
"348";"Gagarawa";"18";"2019-09-09 20:16:22";"2019-09-09 20:16:22"
"349";"Garki";"2";"2019-09-09 20:16:22";"2019-10-30 19:59:08"
"350";"Gumel";"18";"2019-09-09 20:16:22";"2019-09-09 20:16:22"
"351";"Hadejia";"18";"2019-09-09 20:16:22";"2019-09-09 20:16:22"
"352";"Jahun";"18";"2019-09-09 20:16:22";"2019-09-09 20:16:22"
"353";"Kaugama";"18";"2019-09-09 20:16:22";"2019-09-09 20:16:22"
"354";"Kazaure";"18";"2019-09-09 20:16:22";"2019-09-09 20:16:22"
"355";"Ringim";"18";"2019-09-09 20:16:22";"2019-09-09 20:16:22"
"356";"Sule-Tankarkar";"18";"2019-09-09 20:16:22";"2019-09-09 20:16:22"
"357";"Taura";"18";"2019-09-09 20:16:22";"2019-09-09 20:16:22"
"358";"Birnin-Gwari";"19";"2019-09-09 20:16:22";"2019-09-09 20:16:22"
"359";"Chikun";"19";"2019-09-09 20:16:22";"2019-09-09 20:16:22"
"360";"Giwa";"19";"2019-09-09 20:16:22";"2019-09-09 20:16:22"
"361";"Igabi";"19";"2019-09-09 20:16:22";"2019-09-09 20:16:22"
"362";"Ikara";"19";"2019-09-09 20:16:22";"2019-09-09 20:16:22"
"363";"Jaba";"19";"2019-09-09 20:16:22";"2019-09-09 20:16:22"
"364";"Jema'a";"19";"2019-09-09 20:16:22";"2019-09-09 20:16:22"
"365";"Kachia";"19";"2019-09-09 20:16:22";"2019-09-09 20:16:22"
"366";"Kaduna North";"19";"2019-09-09 20:16:22";"2019-09-09 20:16:22"
"367";"Kaduna South";"19";"2019-09-09 20:16:22";"2019-09-09 20:16:22"
"368";"Kagarko";"19";"2019-09-09 20:16:22";"2019-09-09 20:16:22"
"369";"Kajuru";"19";"2019-09-09 20:16:22";"2019-09-09 20:16:22"
"370";"Kaura-Kaduna";"19";"2019-09-09 20:16:22";"2019-09-09 20:16:22"
"371";"Kauru";"19";"2019-09-09 20:16:22";"2019-09-09 20:16:22"
"372";"Kubau";"19";"2019-09-09 20:16:22";"2019-09-09 20:16:22"
"373";"Kudan";"19";"2019-09-09 20:16:22";"2019-09-09 20:16:22"
"374";"Lere";"19";"2019-09-09 20:16:22";"2019-09-09 20:16:22"
"375";"Makarfi";"19";"2019-09-09 20:16:22";"2019-09-09 20:16:22"
"376";"Sanga";"19";"2019-09-09 20:16:22";"2019-09-09 20:16:22"
"377";"Soba";"19";"2019-09-09 20:16:22";"2019-09-09 20:16:22"
"378";"Zango-Kataf";"19";"2019-09-09 20:16:22";"2019-09-09 20:16:22"
"379";"Zaria";"19";"2019-09-09 20:16:22";"2019-09-09 20:16:22"
"380";"Ajingi";"20";"2019-09-09 20:16:22";"2019-09-09 20:16:22"
"381";"Albasu";"20";"2019-09-09 20:16:22";"2019-09-09 20:16:22"
"382";"Bagwai";"20";"2019-09-09 20:16:22";"2019-09-09 20:16:22"
"383";"Bebeji";"20";"2019-09-09 20:16:22";"2019-09-09 20:16:22"
"384";"Bichi";"20";"2019-09-09 20:16:22";"2019-09-09 20:16:22"
"385";"Bunkure";"20";"2019-09-09 20:16:22";"2019-09-09 20:16:22"
"386";"Dala";"20";"2019-09-09 20:16:22";"2019-09-09 20:16:22"
"387";"Dambatta";"20";"2019-09-09 20:16:22";"2019-09-09 20:16:22"
"388";"Dawakin Kudu";"20";"2019-09-09 20:16:22";"2019-09-09 20:16:22"
"389";"Dawakin Tofa, Doguwa";"20";"2019-09-09 20:16:22";"2019-09-09 20:16:22"
"390";"Fagge";"20";"2019-09-09 20:16:22";"2019-09-09 20:16:22"
"391";"Gabasawa";"20";"2019-09-09 20:16:22";"2019-09-09 20:16:22"
"392";"Garko";"20";"2019-09-09 20:16:22";"2019-09-09 20:16:22"
"393";"Garum Mallam";"20";"2019-09-09 20:16:22";"2019-09-09 20:16:22"
"394";"Garun Mallam";"20";"2019-09-09 20:16:22";"2019-09-09 20:16:22"
"395";"Gaya";"20";"2019-09-09 20:16:22";"2019-09-09 20:16:22"
"396";"Gezawa";"20";"2019-09-09 20:16:22";"2019-09-09 20:16:22"
"397";"Gwale";"20";"2019-09-09 20:16:22";"2019-09-09 20:16:22"
"398";"Gwarzo";"20";"2019-09-09 20:16:22";"2019-09-09 20:16:22"
"399";"Kabo";"20";"2019-09-09 20:16:22";"2019-09-09 20:16:22"
"400";"Kano Municipal";"20";"2019-09-09 20:16:22";"2019-09-09 20:16:22"
"401";"Karaye";"20";"2019-09-09 20:16:22";"2019-09-09 20:16:22"
"402";"Kibiya";"20";"2019-09-09 20:16:22";"2019-09-09 20:16:22"
"403";"Kumbotso";"20";"2019-09-09 20:16:22";"2019-09-09 20:16:22"
"404";"Kunchi";"20";"2019-09-09 20:16:22";"2019-09-09 20:16:22"
"405";"Kura";"20";"2019-09-09 20:16:22";"2019-09-09 20:16:22"
"406";"Madobi";"20";"2019-09-09 20:16:22";"2019-09-09 20:16:22"
"407";"Makoda";"20";"2019-09-09 20:16:22";"2019-09-09 20:16:22"
"408";"Nasarawa-Kano";"20";"2019-09-09 20:16:22";"2019-09-09 20:16:22"
"409";"Rano";"20";"2019-09-09 20:16:22";"2019-09-09 20:16:22"
"410";"Rogo";"20";"2019-09-09 20:16:22";"2019-09-09 20:16:22"
"411";"Shanono";"20";"2019-09-09 20:16:22";"2019-09-09 20:16:22"
"412";"Sumaila";"20";"2019-09-09 20:16:22";"2019-09-09 20:16:22"
"413";"Tarauni";"20";"2019-09-09 20:16:22";"2019-09-09 20:16:22"
"414";"Tofa";"20";"2019-09-09 20:16:22";"2019-09-09 20:16:22"
"415";"Tudun Wada";"20";"2019-09-09 20:16:22";"2019-09-09 20:16:22"
"416";"Ungogo";"20";"2019-09-09 20:16:22";"2019-09-09 20:16:22"
"417";"Warawa";"20";"2019-09-09 20:16:22";"2019-09-09 20:16:22"
"418";"Wudil";"20";"2019-09-09 20:16:22";"2019-09-09 20:16:22"
"419";"Bakori";"21";"2019-09-09 20:16:22";"2019-09-09 20:16:22"
"420";"Batagarawa";"21";"2019-09-09 20:16:22";"2019-09-09 20:16:22"
"421";"Batsari";"21";"2019-09-09 20:16:22";"2019-09-09 20:16:22"
"422";"Baure";"21";"2019-09-09 20:16:22";"2019-09-09 20:16:22"
"423";"Bindawa";"21";"2019-09-09 20:16:22";"2019-09-09 20:16:22"
"424";"Charanchi";"21";"2019-09-09 20:16:22";"2019-09-09 20:16:22"
"425";"Dandume";"21";"2019-09-09 20:16:22";"2019-09-09 20:16:22"
"426";"Danja";"21";"2019-09-09 20:16:22";"2019-09-09 20:16:22"
"427";"Dan Musa";"21";"2019-09-09 20:16:22";"2019-09-09 20:16:22"
"428";"Daura";"21";"2019-09-09 20:16:22";"2019-09-09 20:16:22"
"429";"Dutsi";"21";"2019-09-09 20:16:22";"2019-09-09 20:16:22"
"430";"Dutsin-Ma";"21";"2019-09-09 20:16:22";"2019-09-09 20:16:22"
"431";"Faskari";"21";"2019-09-09 20:16:22";"2019-09-09 20:16:22"
"432";"Funtua";"21";"2019-09-09 20:16:22";"2019-09-09 20:16:22"
"433";"Ingawa";"21";"2019-09-09 20:16:22";"2019-09-09 20:16:22"
"434";"Jibia";"21";"2019-09-09 20:16:22";"2019-09-09 20:16:22"
"435";"Kaita";"21";"2019-09-09 20:16:22";"2019-09-09 20:16:22"
"436";"Kankara";"21";"2019-09-09 20:16:22";"2019-09-09 20:16:22"
"437";"Katsina";"21";"2019-09-09 20:16:22";"2019-09-09 20:16:22"
"438";"Kurfi";"21";"2019-09-09 20:16:23";"2019-09-09 20:16:23"
"439";"Malumfashi";"21";"2019-09-09 20:16:23";"2019-09-09 20:16:23"
"440";"Mani";"21";"2019-09-09 20:16:23";"2019-09-09 20:16:23"
"441";"Musawa";"21";"2019-09-09 20:16:23";"2019-09-09 20:16:23"
"442";"Sabuwa";"21";"2019-09-09 20:16:23";"2019-09-09 20:16:23"
"443";"Safana";"21";"2019-09-09 20:16:23";"2019-09-09 20:16:23"
"444";"Sandamu";"21";"2019-09-09 20:16:23";"2019-09-09 20:16:23"
"445";"Zango";"21";"2019-09-09 20:16:23";"2019-09-09 20:16:23"
"446";"Aleiro";"22";"2019-09-09 20:16:23";"2019-09-09 20:16:23"
"447";"Arewa-Dandi";"22";"2019-09-09 20:16:23";"2019-09-09 20:16:23"
"448";"Argungu";"22";"2019-09-09 20:16:23";"2019-09-09 20:16:23"
"449";"Augie";"22";"2019-09-09 20:16:23";"2019-09-09 20:16:23"
"450";"Bagudo";"22";"2019-09-09 20:16:23";"2019-09-09 20:16:23"
"451";"Birnin Kebbi";"22";"2019-09-09 20:16:23";"2019-09-09 20:16:23"
"452";"Bunza";"22";"2019-09-09 20:16:23";"2019-09-09 20:16:23"
"453";"Dandi";"22";"2019-09-09 20:16:23";"2019-09-09 20:16:23"
"454";"Fakai";"22";"2019-09-09 20:16:23";"2019-09-09 20:16:23"
"455";"Gwandu";"22";"2019-09-09 20:16:23";"2019-09-09 20:16:23"
"456";"Jega";"22";"2019-09-09 20:16:23";"2019-09-09 20:16:23"
"457";"Kalgo";"22";"2019-09-09 20:16:23";"2019-09-09 20:16:23"
"458";"Maiyama";"22";"2019-09-09 20:16:23";"2019-09-09 20:16:23"
"459";"Sakaba";"22";"2019-09-09 20:16:23";"2019-09-09 20:16:23"
"460";"Suru";"22";"2019-09-09 20:16:23";"2019-09-09 20:16:23"
"461";"Yauri";"22";"2019-09-09 20:16:23";"2019-09-09 20:16:23"
"462";"Zuru";"22";"2019-09-09 20:16:23";"2019-09-09 20:16:23"
"463";"Adavi";"23";"2019-09-09 20:16:23";"2019-09-09 20:16:23"
"464";"Ajaokuta";"23";"2019-09-09 20:16:23";"2019-09-09 20:16:23"
"465";"Ankpa";"23";"2019-09-09 20:16:23";"2019-09-09 20:16:23"
"466";"Bassa";"23";"2019-09-09 20:16:23";"2019-09-09 20:16:23"
"467";"Dekina";"23";"2019-09-09 20:16:23";"2019-09-09 20:16:23"
"468";"Ibaji";"23";"2019-09-09 20:16:23";"2019-09-09 20:16:23"
"469";"Idah";"23";"2019-09-09 20:16:23";"2019-09-09 20:16:23"
"470";"Igala Mela";"23";"2019-09-09 20:16:23";"2019-09-09 20:16:23"
"471";"Igalamela-Odolu";"23";"2019-09-09 20:16:23";"2019-09-09 20:16:23"
"472";"Ijumu";"23";"2019-09-09 20:16:23";"2019-09-09 20:16:23"
"473";"Kabba/Bunu";"23";"2019-09-09 20:16:23";"2019-09-09 20:16:23"
"474";"Kogi LGA";"23";"2019-09-09 20:16:23";"2019-09-09 20:16:23"
"475";"Koton Karfe";"23";"2019-09-09 20:16:23";"2019-09-09 20:16:23"
"476";"Lokoja";"23";"2019-09-09 20:16:23";"2019-09-09 20:16:23"
"478";"Ofu";"23";"2019-09-09 20:16:23";"2019-09-09 20:16:23"
"479";"Ogori/Magongo";"23";"2019-09-09 20:16:23";"2019-09-09 20:16:23"
"480";"Okehi";"23";"2019-09-09 20:16:23";"2019-09-09 20:16:23"
"481";"Okene, Olamaboro, Omala, Yagba East";"23";"2019-09-09 20:16:23";"2019-09-09 20:16:23"
"482";"Yagba West";"23";"2019-09-09 20:16:23";"2019-09-09 20:16:23"
"483";"Asa";"24";"2019-09-09 20:16:23";"2019-09-09 20:16:23"
"484";"Baruten";"24";"2019-09-09 20:16:23";"2019-09-09 20:16:23"
"485";"Edu";"24";"2019-09-09 20:16:23";"2019-09-09 20:16:23"
"486";"Ekiti-Kwara";"24";"2019-09-09 20:16:23";"2019-09-09 20:16:23"
"487";"Ifelodun-Kwara";"24";"2019-09-09 20:16:23";"2019-09-09 20:16:23"
"488";"Ilorin East";"24";"2019-09-09 20:16:23";"2019-09-09 20:16:23"
"489";"Ilorin South";"24";"2019-09-09 20:16:23";"2019-09-09 20:16:23"
"490";"Ilorin West";"24";"2019-09-09 20:16:23";"2019-09-09 20:16:23"
"491";"Irepodun-Kwara";"24";"2019-09-09 20:16:23";"2019-09-09 20:16:23"
"492";"Isin";"24";"2019-09-09 20:16:23";"2019-09-09 20:16:23"
"493";"Kaiama";"24";"2019-09-09 20:16:23";"2019-09-09 20:16:23"
"494";"Moro";"24";"2019-09-09 20:16:23";"2019-09-09 20:16:23"
"495";"Offa";"24";"2019-09-09 20:16:23";"2019-09-09 20:16:23"
"496";"Oke-Ero";"24";"2019-09-09 20:16:23";"2019-09-09 20:16:23"
"497";"Oyun";"24";"2019-09-09 20:16:23";"2019-09-09 20:16:23"
"498";"Pategi";"24";"2019-09-09 20:16:23";"2019-09-09 20:16:23"
"499";"Agboyi/Ketu";"25";"2019-09-09 20:16:23";"2019-09-09 20:16:23"
"500";"Agege";"25";"2019-09-09 20:16:23";"2019-09-09 20:16:23"
"501";"Ajah";"25";"2019-09-09 20:16:23";"2019-09-09 20:16:23"
"502";"Alimosho";"25";"2019-09-09 20:16:23";"2019-09-09 20:16:23"
"504";"Apapa";"25";"2019-09-09 20:16:23";"2019-09-09 20:16:23"
"505";"Badagry";"25";"2019-09-09 20:16:23";"2019-09-09 20:16:23"
"506";"Egbe Idimu";"25";"2019-09-09 20:16:23";"2019-09-09 20:16:23"
"507";"Epe";"25";"2019-09-09 20:16:23";"2019-09-09 20:16:23"
"508";"Gbagada";"25";"2019-09-09 20:16:23";"2019-09-09 20:16:23"
"509";"Ibeju";"25";"2019-09-09 20:16:23";"2019-09-09 20:16:23"
"510";"Ifako-Ijaiye";"25";"2019-09-09 20:16:23";"2019-09-09 20:16:23"
"511";"Ikeja";"25";"2019-09-09 20:16:23";"2019-09-09 20:16:23"
"512";"Ikorodu";"25";"2019-09-09 20:16:23";"2019-09-09 20:16:23"
"513";"Ikotun/Igando";"25";"2019-09-09 20:16:23";"2019-09-09 20:16:23"
"514";"Ikoyi";"25";"2019-09-09 20:16:23";"2019-09-09 20:16:23"
"515";"Ilupeju";"25";"2019-09-09 20:16:23";"2019-09-09 20:16:23"
"516";"Ipaja";"25";"2019-09-09 20:16:23";"2019-09-09 20:16:23"
"517";"Isolo";"25";"2019-09-09 20:16:23";"2019-09-09 20:16:23"
"518";"Kosofe";"25";"2019-09-09 20:16:23";"2019-09-09 20:16:23"
"519";"Lagos Island";"25";"2019-09-09 20:16:23";"2019-09-09 20:16:23"
"520";"Lagos Mainland";"25";"2019-09-09 20:16:23";"2019-09-09 20:16:23"
"521";"Lekki Phase 1";"25";"2019-09-09 20:16:23";"2019-09-09 20:16:23"
"522";"Lekki Phase 2";"25";"2019-09-09 20:16:23";"2019-09-09 20:16:23"
"523";"Magodo";"25";"2019-09-09 20:16:23";"2019-09-09 20:16:23"
"524";"Maryland";"25";"2019-09-09 20:16:23";"2019-09-09 20:16:23"
"525";"Mushin";"25";"2019-09-09 20:16:23";"2019-09-09 20:16:23"
"526";"Ojo";"25";"2019-09-09 20:16:23";"2019-09-09 20:16:23"
"527";"Ojodu";"25";"2019-09-09 20:16:23";"2019-09-09 20:16:23"
"528";"Ojota";"25";"2019-09-09 20:16:23";"2019-09-09 20:16:23"
"529";"Orile";"25";"2019-09-09 20:16:23";"2019-09-09 20:16:23"
"530";"Oshodi-Isolo";"25";"2019-09-09 20:16:23";"2019-09-09 20:16:23"
"531";"Shomolu";"25";"2019-09-09 20:16:23";"2019-09-09 20:16:23"
"532";"Surulere";"25";"2019-09-09 20:16:23";"2019-09-09 20:16:23"
"533";"Victoria Island";"25";"2019-09-09 20:16:23";"2019-09-09 20:16:23"
"534";"Yaba";"25";"2019-09-09 20:16:23";"2019-09-09 20:16:23"
"535";"Akwanga";"26";"2019-09-09 20:16:23";"2019-09-09 20:16:23"
"536";"Awe";"26";"2019-09-09 20:16:23";"2019-09-09 20:16:23"
"537";"Doma";"26";"2019-09-09 20:16:23";"2019-09-09 20:16:23"
"538";"Karu-Nasarawa";"2";"2019-09-09 20:16:24";"2019-10-04 20:23:49"
"539";"Keana";"26";"2019-09-09 20:16:24";"2019-09-09 20:16:24"
"540";"Keffi";"26";"2019-09-09 20:16:24";"2019-09-09 20:16:24"
"541";"Kokona";"26";"2019-09-09 20:16:24";"2019-09-09 20:16:24"
"542";"Lafia";"26";"2019-09-09 20:16:24";"2019-09-09 20:16:24"
"543";"Nasarawa";"26";"2019-09-09 20:16:24";"2019-09-09 20:16:24"
"544";"Nasarawa-Eggon";"26";"2019-09-09 20:16:24";"2019-09-09 20:16:24"
"545";"Obi-Nasarawa";"26";"2019-09-09 20:16:24";"2019-09-09 20:16:24"
"546";"Toto";"26";"2019-09-09 20:16:24";"2019-09-09 20:16:24"
"547";"Wamba";"26";"2019-09-09 20:16:24";"2019-09-09 20:16:24"
"548";"Agaie";"27";"2019-09-09 20:16:24";"2019-09-09 20:16:24"
"549";"Agwara";"27";"2019-09-09 20:16:24";"2019-09-09 20:16:24"
"550";"Bida";"27";"2019-09-09 20:16:24";"2019-09-09 20:16:24"
"551";"Borgu";"27";"2019-09-09 20:16:24";"2019-09-09 20:16:24"
"552";"Bosso";"27";"2019-09-09 20:16:24";"2019-09-09 20:16:24"
"553";"Chanchaga";"27";"2019-09-09 20:16:24";"2019-09-09 20:16:24"
"554";"Edati";"27";"2019-09-09 20:16:24";"2019-09-09 20:16:24"
"555";"Gbako";"27";"2019-09-09 20:16:24";"2019-09-09 20:16:24"
"556";"Gurara";"27";"2019-09-09 20:16:24";"2019-09-09 20:16:24"
"557";"Katcha";"27";"2019-09-09 20:16:24";"2019-09-09 20:16:24"
"558";"Kontagora";"27";"2019-09-09 20:16:24";"2019-09-09 20:16:24"
"559";"Lapai";"27";"2019-09-09 20:16:24";"2019-09-09 20:16:24"
"560";"Lavun";"27";"2019-09-09 20:16:24";"2019-09-09 20:16:24"
"561";"Magama";"27";"2019-09-09 20:16:24";"2019-09-09 20:16:24"
"562";"Mariga";"27";"2019-09-09 20:16:24";"2019-09-09 20:16:24"
"563";"Mashegu";"27";"2019-09-09 20:16:24";"2019-09-09 20:16:24"
"564";"Minna";"27";"2019-09-09 20:16:24";"2019-09-09 20:16:24"
"565";"Mokwa";"27";"2019-09-09 20:16:24";"2019-09-09 20:16:24"
"566";"Muya";"27";"2019-09-09 20:16:24";"2019-09-09 20:16:24"
"567";"Paikoro";"27";"2019-09-09 20:16:24";"2019-09-09 20:16:24"
"568";"Rafi";"27";"2019-09-09 20:16:24";"2019-09-09 20:16:24"
"569";"Rijau";"27";"2019-09-09 20:16:24";"2019-09-09 20:16:24"
"570";"Shiroro";"27";"2019-09-09 20:16:24";"2019-09-09 20:16:24"
"571";"Suleja";"27";"2019-09-09 20:16:24";"2019-09-09 20:16:24"
"572";"Tafa";"27";"2019-09-09 20:16:24";"2019-09-09 20:16:24"
"573";"Wushishi";"27";"2019-09-09 20:16:24";"2019-09-09 20:16:24"
"574";"Abeokuta North";"28";"2019-09-09 20:16:24";"2019-09-09 20:16:24"
"575";"Abeokuta South";"28";"2019-09-09 20:16:24";"2019-09-09 20:16:24"
"576";"Ado-Odo/Ota";"28";"2019-09-09 20:16:24";"2019-09-09 20:16:24"
"577";"Egbado North";"28";"2019-09-09 20:16:24";"2019-09-09 20:16:24"
"578";"Egbado South";"28";"2019-09-09 20:16:24";"2019-09-09 20:16:24"
"579";"Ewekoro";"28";"2019-09-09 20:16:24";"2019-09-09 20:16:24"
"580";"Ifo";"28";"2019-09-09 20:16:24";"2019-09-09 20:16:24"
"581";"Ijebu East";"28";"2019-09-09 20:16:24";"2019-09-09 20:16:24"
"582";"Ijebu North";"28";"2019-09-09 20:16:24";"2019-09-09 20:16:24"
"583";"Ijebu North East";"28";"2019-09-09 20:16:24";"2019-09-09 20:16:24"
"584";"Ijebu Ode";"28";"2019-09-09 20:16:24";"2019-09-09 20:16:24"
"585";"Ikenne";"28";"2019-09-09 20:16:24";"2019-09-09 20:16:24"
"586";"Imeko Afon";"28";"2019-09-09 20:16:24";"2019-09-09 20:16:24"
"587";"Ipokia";"28";"2019-09-09 20:16:24";"2019-09-09 20:16:24"
"588";"Obafemi-Owode";"28";"2019-09-09 20:16:24";"2019-09-09 20:16:24"
"589";"Odeda";"28";"2019-09-09 20:16:24";"2019-09-09 20:16:24"
"590";"Odogbolu";"28";"2019-09-09 20:16:24";"2019-09-09 20:16:24"
"591";"Waterside";"28";"2019-09-09 20:16:24";"2019-09-09 20:16:24"
"592";"Remo North";"28";"2019-09-09 20:16:24";"2019-09-09 20:16:24"
"593";"Sagamu";"28";"2019-09-09 20:16:24";"2019-09-09 20:16:24"
"594";"Akoko North East";"29";"2019-09-09 20:16:24";"2019-09-09 20:16:24"
"595";"Akoko North West";"29";"2019-09-09 20:16:24";"2019-09-09 20:16:24"
"596";"Akoko South East";"29";"2019-09-09 20:16:24";"2019-09-09 20:16:24"
"597";"Akoko South West";"29";"2019-09-09 20:16:24";"2019-09-09 20:16:24"
"598";"Akure North";"29";"2019-09-09 20:16:24";"2019-09-09 20:16:24"
"599";"Akure South";"29";"2019-09-09 20:16:24";"2019-09-09 20:16:24"
"601";"Idanre";"29";"2019-09-09 20:16:24";"2019-09-09 20:16:24"
"602";"Ifedore";"29";"2019-09-09 20:16:24";"2019-09-09 20:16:24"
"603";"Ilaje";"29";"2019-09-09 20:16:24";"2019-09-09 20:16:24"
"605";"Irele";"29";"2019-09-09 20:16:24";"2019-09-09 20:16:24"
"606";"Odigbo";"29";"2019-09-09 20:16:24";"2019-09-09 20:16:24"
"607";"Okitipupa";"29";"2019-09-09 20:16:24";"2019-09-09 20:16:24"
"608";"Ondo East";"29";"2019-09-09 20:16:24";"2019-09-09 20:16:24"
"609";"Ondo West";"29";"2019-09-09 20:16:24";"2019-09-09 20:16:24"
"610";"Ose";"29";"2019-09-09 20:16:24";"2019-09-09 20:16:24"
"611";"Owo";"29";"2019-09-09 20:16:24";"2019-09-09 20:16:24"
"616";"Boluwaduro";"30";"2019-09-09 20:16:24";"2019-09-09 20:16:24"
"617";"Boripe";"30";"2019-09-09 20:16:24";"2019-09-09 20:16:24"
"618";"Ede North";"30";"2019-09-09 20:16:24";"2019-09-09 20:16:24"
"619";"Ede South";"30";"2019-09-09 20:16:24";"2019-09-09 20:16:24"
"620";"Egbedore";"30";"2019-09-09 20:16:24";"2019-09-09 20:16:24"
"621";"Ife Central";"30";"2019-09-09 20:16:24";"2019-09-09 20:16:24"
"622";"Ifedayo";"30";"2019-09-09 20:16:24";"2019-09-09 20:16:24"
"623";"Ife East";"30";"2019-09-09 20:16:24";"2019-09-09 20:16:24"
"625";"Ife North";"30";"2019-09-09 20:16:24";"2019-09-09 20:16:24"
"626";"Ife South";"30";"2019-09-09 20:16:24";"2019-09-09 20:16:24"
"627";"Ila";"30";"2019-09-09 20:16:24";"2019-09-09 20:16:24"
"628";"Ilesa East";"30";"2019-09-09 20:16:24";"2019-09-09 20:16:24"
"629";"Ilesa West";"30";"2019-09-09 20:16:24";"2019-09-09 20:16:24"
"631";"Irewole";"30";"2019-09-09 20:16:24";"2019-09-09 20:16:24"
"632";"Isokan";"30";"2019-09-09 20:16:24";"2019-09-09 20:16:24"
"633";"Iwo";"30";"2019-09-09 20:16:24";"2019-09-09 20:16:24"
"634";"Obokun";"30";"2019-09-09 20:16:24";"2019-09-09 20:16:24"
"636";"Olorunda-Osun";"30";"2019-09-09 20:16:24";"2019-09-09 20:16:24"
"638";"Orolu";"30";"2019-09-09 20:16:25";"2019-09-09 20:16:25"
"639";"Osogbo";"30";"2019-09-09 20:16:25";"2019-09-09 20:16:25"
"640";"Afijio";"31";"2019-09-09 20:16:25";"2019-09-09 20:16:25"
"641";"Akinyele";"31";"2019-09-09 20:16:25";"2019-09-09 20:16:25"
"642";"Atiba";"31";"2019-09-09 20:16:25";"2019-09-09 20:16:25"
"643";"Atigbo";"31";"2019-09-09 20:16:25";"2019-09-09 20:16:25"
"644";"Egbeda";"31";"2019-09-09 20:16:25";"2019-09-09 20:16:25"
"645";"Ibadan North";"31";"2019-09-09 20:16:25";"2019-09-09 20:16:25"
"646";"Ibadan North East";"31";"2019-09-09 20:16:25";"2019-09-09 20:16:25"
"647";"Ibadan North West";"31";"2019-09-09 20:16:25";"2019-09-09 20:16:25"
"648";"Ibadan South East";"31";"2019-09-09 20:16:25";"2019-09-09 20:16:25"
"649";"Ibadan South West";"31";"2019-09-09 20:16:25";"2019-09-09 20:16:25"
"650";"Ibarapa Central";"31";"2019-09-09 20:16:25";"2019-09-09 20:16:25"
"651";"Ibarapa East";"31";"2019-09-09 20:16:25";"2019-09-09 20:16:25"
"652";"Ibarapa North";"31";"2019-09-09 20:16:25";"2019-09-09 20:16:25"
"653";"Ido";"31";"2019-09-09 20:16:25";"2019-09-09 20:16:25"
"654";"Irepo";"31";"2019-09-09 20:16:25";"2019-09-09 20:16:25"
"655";"Iseyin";"31";"2019-09-09 20:16:25";"2019-09-09 20:16:25"
"656";"Itesiwaju";"31";"2019-09-09 20:16:25";"2019-09-09 20:16:25"
"657";"Iwajowa";"31";"2019-09-09 20:16:25";"2019-09-09 20:16:25"
"658";"Kajola";"31";"2019-09-09 20:16:25";"2019-09-09 20:16:25"
"659";"Lagelu";"31";"2019-09-09 20:16:25";"2019-09-09 20:16:25"
"660";"Ogbomosho North";"31";"2019-09-09 20:16:25";"2019-09-09 20:16:25"
"661";"Ogbomosho South";"31";"2019-09-09 20:16:25";"2019-09-09 20:16:25"
"662";"Ogo Oluwa";"31";"2019-09-09 20:16:25";"2019-09-09 20:16:25"
"663";"Olorunsogo";"31";"2019-09-09 20:16:25";"2019-09-09 20:16:25"
"664";"Oluyole";"31";"2019-09-09 20:16:25";"2019-09-09 20:16:25"
"666";"Orelope";"31";"2019-09-09 20:16:25";"2019-09-09 20:16:25"
"667";"Ori Ire";"31";"2019-09-09 20:16:25";"2019-09-09 20:16:25"
"668";"Oyo East";"31";"2019-09-09 20:16:25";"2019-09-09 20:16:25"
"669";"Oyo West";"31";"2019-09-09 20:16:25";"2019-09-09 20:16:25"
"670";"Saki East";"31";"2019-09-09 20:16:25";"2019-09-09 20:16:25"
"671";"Saki West";"31";"2019-09-09 20:16:25";"2019-09-09 20:16:25"
"672";"Surulere-Oyo";"31";"2019-09-09 20:16:25";"2019-09-09 20:16:25"
"673";"Barkin Ladi";"32";"2019-09-09 20:16:25";"2019-09-09 20:16:25"
"674";"Bassa-Plateau";"32";"2019-09-09 20:16:25";"2019-09-09 20:16:25"
"675";"Bokkos";"32";"2019-09-09 20:16:25";"2019-09-09 20:16:25"
"676";"Jos East";"32";"2019-09-09 20:16:25";"2019-09-09 20:16:25"
"677";"Jos North";"32";"2019-09-09 20:16:25";"2019-09-09 20:16:25"
"678";"Jos South";"32";"2019-09-09 20:16:25";"2019-09-09 20:16:25"
"679";"Kanam";"32";"2019-09-09 20:16:25";"2019-09-09 20:16:25"
"680";"Kanke";"32";"2019-09-09 20:16:25";"2019-09-09 20:16:25"
"681";"Langtang North";"32";"2019-09-09 20:16:25";"2019-09-09 20:16:25"
"682";"Langtang South";"32";"2019-09-09 20:16:25";"2019-09-09 20:16:25"
"683";"Mangu";"32";"2019-09-09 20:16:25";"2019-09-09 20:16:25"
"684";"Mikang";"32";"2019-09-09 20:16:25";"2019-09-09 20:16:25"
"685";"Pankshin";"32";"2019-09-09 20:16:25";"2019-09-09 20:16:25"
"687";"Riyom";"32";"2019-09-09 20:16:25";"2019-09-09 20:16:25"
"688";"Shendam";"32";"2019-09-09 20:16:25";"2019-09-09 20:16:25"
"689";"Wase";"32";"2019-09-09 20:16:25";"2019-09-09 20:16:25"
"691";"Ahoada East";"33";"2019-09-09 20:16:25";"2019-09-09 20:16:25"
"692";"Ahoada West";"33";"2019-09-09 20:16:25";"2019-09-09 20:16:25"
"693";"Akuku Toru";"33";"2019-09-09 20:16:25";"2019-09-09 20:16:25"
"694";"Andoni";"33";"2019-09-09 20:16:25";"2019-09-09 20:16:25"
"696";"Bonny";"33";"2019-09-09 20:16:25";"2019-09-09 20:16:25"
"697";"Degema";"33";"2019-09-09 20:16:25";"2019-09-09 20:16:25"
"698";"Eleme";"33";"2019-09-09 20:16:25";"2019-09-09 20:16:25"
"699";"Emohua";"33";"2019-09-09 20:16:25";"2019-09-09 20:16:25"
"700";"Etche";"33";"2019-09-09 20:16:25";"2019-09-09 20:16:25"
"701";"Gokana";"33";"2019-09-09 20:16:25";"2019-09-09 20:16:25"
"702";"Ikwerre";"33";"2019-09-09 20:16:25";"2019-09-09 20:16:25"
"703";"Khana";"33";"2019-09-09 20:16:25";"2019-09-09 20:16:25"
"704";"Obio-Akpor";"33";"2019-09-09 20:16:25";"2019-09-09 20:16:25"
"707";"Okrika";"33";"2019-09-09 20:16:25";"2019-09-09 20:16:25"
"708";"Omuma";"33";"2019-09-09 20:16:25";"2019-09-09 20:16:25"
"709";"Oyigbo";"33";"2019-09-09 20:16:25";"2019-09-09 20:16:25"
"710";"Port-Harcourt";"33";"2019-09-09 20:16:25";"2019-09-09 20:16:25"
"711";"Tai";"33";"2019-09-09 20:16:25";"2019-09-09 20:16:25"
"712";"Binji";"34";"2019-09-09 20:16:25";"2019-09-09 20:16:25"
"713";"Bodinga";"34";"2019-09-09 20:16:25";"2019-09-09 20:16:25"
"714";"Dange-Shuni";"34";"2019-09-09 20:16:25";"2019-09-09 20:16:25"
"715";"Gada";"34";"2019-09-09 20:16:25";"2019-09-09 20:16:25"
"716";"Goronyo";"34";"2019-09-09 20:16:25";"2019-09-09 20:16:25"
"717";"Gudu LGA";"34";"2019-09-09 20:16:25";"2019-09-09 20:16:25"
"718";"Gwadabawa";"34";"2019-09-09 20:16:25";"2019-09-09 20:16:25"
"719";"Illela";"34";"2019-09-09 20:16:25";"2019-09-09 20:16:25"
"720";"Isa";"34";"2019-09-09 20:16:25";"2019-09-09 20:16:25"
"721";"Kebbe";"34";"2019-09-09 20:16:25";"2019-09-09 20:16:25"
"722";"Sabon Birni";"34";"2019-09-09 20:16:25";"2019-09-09 20:16:25"
"723";"Shagari";"34";"2019-09-09 20:16:25";"2019-09-09 20:16:25"
"724";"Silame";"34";"2019-09-09 20:16:25";"2019-09-09 20:16:25"
"725";"Sokoto North";"34";"2019-09-09 20:16:25";"2019-09-09 20:16:25"
"726";"Sokoto South";"34";"2019-09-09 20:16:25";"2019-09-09 20:16:25"
"727";"Tambuwal";"34";"2019-09-09 20:16:25";"2019-09-09 20:16:25"
"728";"Tangaza";"34";"2019-09-09 20:16:25";"2019-09-09 20:16:25"
"729";"Tureta";"34";"2019-09-09 20:16:25";"2019-09-09 20:16:25"
"730";"Wamako";"34";"2019-09-09 20:16:25";"2019-09-09 20:16:25"
"731";"Yabo";"34";"2019-09-09 20:16:25";"2019-09-09 20:16:25"
"732";"Bali";"35";"2019-09-09 20:16:25";"2019-09-09 20:16:25"
"733";"Jalingo";"35";"2019-09-09 20:16:25";"2019-09-09 20:16:25"
"734";"Kurmi";"35";"2019-09-09 20:16:25";"2019-09-09 20:16:25"
"735";"Lau";"35";"2019-09-09 20:16:25";"2019-09-09 20:16:25"
"736";"Sardauna";"35";"2019-09-09 20:16:26";"2019-09-09 20:16:26"
"737";"Takum";"35";"2019-09-09 20:16:26";"2019-09-09 20:16:26"
"738";"Ussa";"35";"2019-09-09 20:16:26";"2019-09-09 20:16:26"
"739";"Wukari";"35";"2019-09-09 20:16:26";"2019-09-09 20:16:26"
"740";"Zing";"35";"2019-09-09 20:16:26";"2019-09-09 20:16:26"
"741";"Bade";"36";"2019-09-09 20:16:26";"2019-09-09 20:16:26"
"742";"Bursari";"36";"2019-09-09 20:16:26";"2019-09-09 20:16:26"
"743";"Damaturu";"36";"2019-09-09 20:16:26";"2019-09-09 20:16:26"
"744";"Fika";"36";"2019-09-09 20:16:26";"2019-09-09 20:16:26"
"745";"Fune";"36";"2019-09-09 20:16:26";"2019-09-09 20:16:26"
"746";"Geidam";"36";"2019-09-09 20:16:26";"2019-09-09 20:16:26"
"747";"Nangere";"36";"2019-09-09 20:16:26";"2019-09-09 20:16:26"
"748";"Nguru";"36";"2019-09-09 20:16:26";"2019-09-09 20:16:26"
"749";"Potiskum";"36";"2019-09-09 20:16:26";"2019-09-09 20:16:26"
"750";"Tarmua";"36";"2019-09-09 20:16:26";"2019-09-09 20:16:26"
"751";"Yusufari";"36";"2019-09-09 20:16:26";"2019-09-09 20:16:26"
"752";"Birnin Magaji";"37";"2019-09-09 20:16:26";"2019-09-09 20:16:26"
"753";"Bungudu";"37";"2019-09-09 20:16:26";"2019-09-09 20:16:26"
"755";"Gusau";"37";"2019-09-09 20:16:26";"2019-09-09 20:16:26"
"756";"Kaura Namoda";"37";"2019-09-09 20:16:26";"2019-09-09 20:16:26"
"757";"Maru";"37";"2019-09-09 20:16:26";"2019-09-09 20:16:26"
"758";"Shinkafi";"37";"2019-09-09 20:16:26";"2019-09-09 20:16:26"
"759";"Talata Mafara";"37";"2019-09-09 20:16:26";"2019-09-09 20:16:26"
"760";"Zurmi";"37";"2019-09-09 20:16:26";"2019-09-09 20:16:26"
"761";"Anka";"37";"2019-09-09 20:23:33";"2019-09-09 20:23:33"
"762";"Tsafe";"37";"2019-09-09 20:23:37";"2019-09-09 20:23:37"
"763";"Ibeju Lekki";"25";"2019-09-09 20:23:47";"2019-10-04 20:43:26"
"764";"Gummi";"37";"2019-09-09 20:23:47";"2019-10-04 20:43:02"
"765";"Birnin Magaji/Kiyaw";"37";"2019-09-09 20:23:48";"2019-09-09 20:23:48"
"766";"Bukkuyum";"37";"2019-09-09 20:23:56";"2019-09-09 20:23:56"
"767";"Bakura";"37";"2019-09-09 20:24:00";"2019-09-09 20:24:00"
"768";"Maradun";"37";"2019-09-09 20:24:20";"2019-09-09 20:24:20"
"769";"Machina";"36";"2019-09-09 20:26:42";"2019-09-09 20:26:42"
"770";"Bosari";"36";"2019-09-09 20:26:51";"2019-09-09 20:26:51"
"771";"Jakusko";"36";"2019-09-09 20:26:55";"2019-09-09 20:26:55"
"772";"Gujba";"36";"2019-09-09 20:26:56";"2019-09-09 20:26:56"
"773";"Karasuwa";"36";"2019-09-09 20:27:04";"2019-09-09 20:27:04"
"774";"Yunusari";"36";"2019-09-09 20:27:09";"2019-09-09 20:27:09"
"775";"Gulani";"36";"2019-09-09 20:27:10";"2019-09-09 20:27:10"
"776";"Tarmuwa";"36";"2019-09-09 20:27:25";"2019-09-09 20:27:25"
"777";"Ardo Kola";"35";"2019-09-09 20:29:10";"2019-09-09 20:29:10"
"778";"Ibi";"35";"2019-09-09 20:29:10";"2019-09-09 20:29:10"
"779";"Donga";"35";"2019-09-09 20:29:10";"2019-09-09 20:29:10"
"780";"Gassol";"35";"2019-09-09 20:29:12";"2019-09-09 20:29:12"
"781";"Gashaka";"35";"2019-09-09 20:29:14";"2019-09-09 20:29:14"
"782";"Eti Osa";"25";"2019-09-09 20:29:17";"2019-10-04 20:41:25"
"783";"Ajeromi Ifelodun";"25";"2019-09-09 20:29:18";"2019-10-04 20:40:24"
"784";"Akure";"29";"2019-09-09 20:29:19";"2019-10-04 20:41:05"
"785";"Oshodi Isolo";"25";"2019-09-09 20:29:20";"2019-10-04 20:42:00"
"786";"Karim Lamido";"35";"2019-09-09 20:29:37";"2019-09-09 20:29:37"
"787";"Yorro";"35";"2019-09-09 20:29:45";"2019-09-09 20:29:45"
"788";"Wurno";"34";"2019-09-09 20:45:17";"2019-09-09 20:45:17"
"789";"Obio Akpor";"34";"2019-09-09 20:45:21";"2019-09-09 20:45:21"
"790";"Dange Shuni";"34";"2019-09-09 20:45:24";"2019-09-09 20:45:24"
"791";"Rabah";"34";"2019-09-09 20:45:39";"2019-09-09 20:45:39"
"792";"Kware";"34";"2019-09-09 20:45:51";"2019-09-09 20:45:51"
"793";"Ifako Ijaiye";"25";"2019-09-09 20:46:18";"2019-10-08 18:57:58"
"796";"Katsina Ala";"8";"2019-09-09 20:58:31";"2019-09-09 20:58:31"
"797";"Konshisha";"8";"2019-09-09 20:59:49";"2019-09-09 20:59:49"
"798";"Yola";"3";"2019-09-09 21:18:07";"2019-09-09 21:18:07"
"799";"Mayo Belwa";"3";"2019-09-09 21:18:31";"2019-09-09 21:18:31"
"800";"Maiha";"3";"2019-09-09 21:20:56";"2019-09-09 21:20:56"
"801";"Bauchi";"6";"2019-09-09 21:32:57";"2019-09-09 21:32:57"
"802";"Tafawa Balewa";"6";"2019-09-09 21:32:59";"2019-09-09 21:32:59"
"803";"Jamaare";"6";"2019-09-09 21:33:05";"2019-09-09 21:33:05"
"804";"Amuwo Odofin";"25";"2019-09-09 21:33:09";"2019-10-04 18:14:45"
"805";"Gombe";"16";"2019-09-09 21:33:12";"2019-10-04 18:15:09"
"806";"Tafawa-Balewa";"6";"2019-09-09 21:33:28";"2019-09-09 21:33:28"
"807";"Ningi";"6";"2019-09-09 21:33:48";"2019-09-09 21:33:48"
"808";"Abuja Municipal";"2";"2019-09-09 21:37:30";"2019-10-04 18:14:28"
"809";"1109";"6";"2019-09-09 21:38:07";"2019-09-09 21:38:07"
"810";"Shani";"9";"2019-09-09 22:01:22";"2019-09-09 22:01:22"
"811";"Bayo";"9";"2019-09-09 22:01:59";"2019-09-09 22:01:59"
"812";"Kaga";"9";"2019-09-09 22:02:01";"2019-09-09 22:02:01"
"813";"Hawul";"9";"2019-09-09 22:02:01";"2019-09-09 22:02:01"
"814";"Kwaya Kusar";"9";"2019-09-09 22:02:08";"2019-09-09 22:02:08"
"815";"Marte";"9";"2019-09-09 22:14:00";"2019-09-09 22:14:00"
"816";"Ngala";"9";"2019-09-09 22:14:09";"2019-09-09 22:14:09"
"817";"Mobbar";"9";"2019-09-09 22:15:03";"2019-09-09 22:15:03"
"818";"Kala/Balge";"9";"2019-09-09 22:15:07";"2019-09-09 22:15:07"
"819";"Kolokuma/Opkuma";"7";"2019-09-09 22:27:49";"2019-09-09 22:27:49"
"820";"Ado Odo/Ota";"28";"2019-09-09 22:44:24";"2019-10-04 20:49:28"
"821";"Shongom";"16";"2019-09-09 22:44:49";"2019-09-09 22:44:49"
"822";"Arewa Dandi";"22";"2019-09-10 08:08:53";"2019-09-10 08:08:53"
"823";"Ngaski";"22";"2019-09-10 08:09:05";"2019-09-10 08:09:05"
"824";"Shanga";"22";"2019-09-10 08:09:09";"2019-09-10 08:09:09"
"825";"Wasagu/Danko";"22";"2019-09-10 08:09:09";"2019-09-10 08:09:09"
"826";"Koko Besse";"22";"2019-09-10 08:09:32";"2019-09-10 08:09:32"
"827";"Sabon Gari";"19";"2019-09-10 08:22:55";"2019-10-04 19:40:49"
"829";"Malam Maduri";"18";"2019-09-10 08:30:22";"2019-09-10 08:30:22"
"830";"Birnin Kudu";"18";"2019-09-10 08:30:22";"2019-09-10 08:30:22"
"831";"Gwaram";"18";"2019-09-10 08:30:24";"2019-09-10 08:30:24"
"832";"Kafin Hausa";"18";"2019-09-10 08:30:24";"2019-09-10 08:30:24"
"833";"Maigatari";"18";"2019-09-10 08:30:24";"2019-09-10 08:30:24"
"834";"Sule Tankarkar";"18";"2019-09-10 08:30:26";"2019-09-10 08:30:26"
"835";"Gwarimpa";"18";"2019-09-10 08:30:28";"2019-09-10 08:30:28"
"836";"Guri";"18";"2019-09-10 08:30:28";"2019-09-10 08:30:28"
"837";"Miga";"18";"2019-09-10 08:30:50";"2019-09-10 08:30:50"
"838";"Kiyawa";"18";"2019-09-10 08:30:52";"2019-09-10 08:30:52"
"839";"Gwiwa";"18";"2019-09-10 08:31:03";"2019-09-10 08:31:03"
"840";"Kiri Kasama";"18";"2019-09-10 08:31:17";"2019-09-10 08:31:17"
"841";"Auyo";"18";"2019-09-10 08:31:21";"2019-09-10 08:31:21"
"842";"Matazu";"21";"2019-09-10 08:39:36";"2019-09-10 08:39:36"
"843";"Dutsin Ma";"21";"2019-09-10 08:39:48";"2019-09-10 08:39:48"
"844";"Kafur";"21";"2019-09-10 08:39:49";"2019-09-10 08:39:49"
"845";"Kankia";"21";"2019-09-10 08:39:49";"2019-09-10 08:39:49"
"846";"Kusada";"21";"2019-09-10 08:40:13";"2019-09-10 08:40:13"
"847";"Maiadua";"21";"2019-09-10 08:40:13";"2019-09-10 08:40:13"
"848";"Mashi";"21";"2019-09-10 08:40:58";"2019-09-10 08:40:58"
"849";"Rimi";"21";"2019-09-10 08:41:39";"2019-09-10 08:41:39"
"850";"Ido Osi";"14";"2019-09-10 08:47:24";"2019-09-10 08:47:24"
"851";"Aiyekire (Gbonyin)";"14";"2019-09-10 08:48:07";"2019-09-10 08:48:07"
"852";"Irepodun";"30";"2019-09-10 08:50:10";"2019-10-04 20:19:48"
"853";"Dei Dei";"23";"2019-09-10 09:46:46";"2019-09-10 09:46:46"
"854";"Mopa Muro";"23";"2019-09-10 09:46:47";"2019-09-10 09:46:47"
"855";"Okene";"23";"2019-09-10 09:46:49";"2019-09-10 09:46:49"
"856";"Kogi";"23";"2019-09-10 09:46:49";"2019-09-10 09:46:49"
"857";"Igalamela Odolu";"23";"2019-09-10 09:46:50";"2019-09-10 09:46:50"
"858";"Omala";"23";"2019-09-10 09:46:58";"2019-09-10 09:46:58"
"859";"Olamaboro";"23";"2019-09-10 09:47:21";"2019-09-10 09:47:21"
"860";"Yagba East";"23";"2019-09-10 09:47:24";"2019-09-10 09:47:24"
"861";"Port Harcourt";"33";"2019-09-10 09:47:44";"2019-10-08 18:56:57"
"862";"Warri Central";"11";"2019-09-10 09:47:45";"2019-10-04 20:14:13"
"863";"Owerri Municipal";"17";"2019-09-10 10:24:28";"2019-09-10 10:24:28"
"864";"Aboh Mbaise";"17";"2019-09-10 10:24:30";"2019-09-10 10:24:30"
"865";"Ahiazu Mbaise";"17";"2019-09-10 10:24:44";"2019-09-10 10:24:44"
"866";"Ehime Mbano";"17";"2019-09-10 10:25:16";"2019-09-10 10:25:16"
"867";"Ngor Okpala";"17";"2019-09-10 10:25:50";"2019-09-10 10:25:50"
"868";"Olorunda";"30";"2019-09-10 10:37:19";"2019-10-04 20:05:02"
"871";"Ile Oluji Okeigbo";"29";"2019-09-11 08:09:34";"2019-09-11 08:09:34"
"872";"Ese Odo";"29";"2019-09-11 08:09:36";"2019-09-11 08:09:36"
"873";"Quan Anpan";"32";"2019-09-11 10:06:44";"2019-09-11 10:06:44"
"874";"Osisioma";"1";"2019-09-11 19:38:17";"2019-09-11 19:38:17"
"875";"Isiala Ngwa North";"1";"2019-09-11 19:39:13";"2019-09-11 19:39:13"
"876";"Isiala Ngwa South";"1";"2019-09-11 19:39:35";"2019-09-11 19:39:35"
"877";"Umunneochi";"1";"2019-09-11 19:43:13";"2019-09-11 19:43:13"
"878";"Obioma Ngwa";"1";"2019-09-11 19:48:39";"2019-09-11 19:48:39"
"879";"1001";"1";"2019-09-11 20:53:46";"2019-09-11 20:53:46"
"880";"Nasarawa Egon";"26";"2019-09-11 21:03:35";"2019-09-11 21:03:35"
"885";"Oriade";"30";"2019-09-12 14:32:19";"2019-10-04 20:32:11"
"886";"Ayedade";"30";"2019-09-12 14:32:21";"2019-10-04 20:27:41"
"887";"Atakunmosa East";"30";"2019-09-12 14:32:29";"2019-09-12 14:32:29"
"888";"Ejigbo";"30";"2019-09-12 14:32:41";"2019-09-12 14:32:41"
"889";"Odo Otin";"30";"2019-09-12 14:32:46";"2019-09-12 14:32:46"
"890";"Ifelodun";"30";"2019-09-12 14:32:48";"2019-09-12 14:32:48"
"891";"Ayedire";"30";"2019-09-12 14:34:13";"2019-09-12 14:34:13"
"892";"Ola Oluwa";"30";"2019-09-12 14:36:14";"2019-09-12 14:36:14"
"893";"Atakunmosa West";"30";"2019-09-12 14:37:11";"2019-09-12 14:37:11"
"894";"Benin City";"13";"2019-09-12 14:38:20";"2019-10-04 20:29:38"
"895";"Central";"30";"2019-09-12 14:41:36";"2019-09-12 14:41:36"
"897";"Apo";"5";"2019-09-12 19:21:06";"2019-09-12 19:21:06"
"898";"Asaba";"11";"2019-09-12 19:24:45";"2019-10-04 16:05:40"
"899";"Ibadan";"31";"2019-09-13 17:58:04";"2019-09-13 17:58:04"
"900";"Ona Ara";"31";"2019-09-13 17:58:13";"2019-09-13 17:58:13"
"901";"Ibadan Central";"31";"2019-09-13 18:09:56";"2019-09-13 18:09:56"
"902";"Obafemi Owode";"28";"2019-09-13 19:27:13";"2019-10-04 20:33:52"
"903";"Wuse 2";"2";"2019-09-13 19:29:46";"2019-10-04 20:34:47"
"904";"Ibafo";"28";"2019-09-20 17:20:33";"2019-09-20 17:20:33"
"905";"Ogun Waterside";"28";"2019-09-20 17:21:12";"2019-09-20 17:21:12"
"906";"Abeokuta";"28";"2019-09-20 17:22:53";"2019-09-20 17:22:53"
"907";"Yewa North";"28";"2019-09-20 17:23:00";"2019-09-20 17:23:00"
"908";"Yewa South";"28";"2019-09-20 17:28:06";"2019-09-20 17:28:06"
"910";"Abua/Odual";"33";"2019-09-21 15:22:02";"2019-10-04 20:37:48"
"911";"Opobo/Nkoro";"33";"2019-09-21 15:39:16";"2019-09-21 15:39:16"
"912";"Ogba/Egbema Ndoni";"33";"2019-09-21 15:44:24";"2019-09-21 15:44:24"
"913";"Ogu Bolo";"33";"2019-09-21 15:49:00";"2019-09-21 15:49:00"
"914";"Asari Toru";"33";"2019-09-21 16:11:15";"2019-09-21 16:11:15"
"915";"Karu";"2";"2019-09-25 09:44:15";"2019-09-25 09:44:15"
"916";"Idu";"2";"2019-09-25 10:34:07";"2019-09-25 10:34:07"
"917";"Oji River";"15";"2019-09-29 00:00:12";"2019-10-04 20:22:56"
"918";"nan";"25";"2019-10-07 15:14:06";"2019-10-07 15:14:06"
"919";"1527";"25";"2019-10-08 17:45:31";"2019-10-08 17:45:31"
"922";"Select an LGA";"25";"2019-10-17 04:46:32";"2019-10-17 04:46:32"
"924";"Rimin Gado";"20";"2019-10-24 15:57:25";"2019-10-24 15:57:25"
"925";"Dawakin Tofa";"20";"2019-10-24 16:15:14";"2019-10-24 16:15:14"
"926";"Minjibir";"20";"2019-10-24 16:44:22";"2019-10-24 16:44:22"
"927";"Takai";"20";"2019-10-24 17:18:08";"2019-10-24 17:18:08"
"928";"Doguwa";"20";"2019-10-24 18:54:29";"2019-10-24 18:54:29"
"929";"Tsanyawa";"20";"2019-10-24 19:12:50";"2019-10-24 19:12:50"
"930";"Etinam";"4";"2019-12-05 15:43:33";"2019-12-05 15:43:33"
"931";"Ika Annang";"4";"2019-12-05 15:46:30";"2019-12-05 15:46:30"
"932";"Esit Eket";"4";"2019-12-05 15:48:33";"2019-12-05 15:48:33"
"933";"Etim Ekpo";"4";"2019-12-05 15:49:23";"2019-12-05 15:49:23"
"934";"Uru Offong Oruko";"4";"2019-12-05 16:01:03";"2019-12-05 16:01:03"
"935";"1049";"4";"2019-12-05 18:54:40";"2019-12-05 18:54:40"
"937";"Calabar Municipal";"10";"2019-12-07 03:18:11";"2019-12-07 03:18:11"
"938";"Bekwarra";"10";"2019-12-07 03:18:57";"2019-12-07 03:18:57"
"939";"Etunk";"10";"2019-12-07 03:28:50";"2019-12-07 03:28:50"
"940";"Gumi";"37";"2019-12-07 21:30:13";"2019-12-07 21:30:13"
"941";"Benin";"13";"2019-12-08 00:20:08";"2019-12-08 00:20:08"
"942";"Ikpoba Okha";"13";"2019-12-08 00:20:19";"2019-12-08 00:20:19"
"943";"Akoko Edo";"13";"2019-12-08 00:20:22";"2019-12-08 00:20:22"
"944";"Uzo Uwani";"15";"2019-12-09 13:06:58";"2019-12-09 13:06:58"
"945";"Igbo Eze North";"15";"2019-12-09 13:14:56";"2019-12-09 13:14:56"
"946";"Igbo Etiti";"15";"2019-12-09 13:26:48";"2019-12-09 13:26:48"
"947";"Birnin Gwari";"19";"2019-12-09 18:12:38";"2019-12-09 18:12:38"
"948";"Zangon Kataf";"19";"2019-12-09 19:39:27";"2019-12-09 19:39:27"
"949";"Kubah";"19";"2019-12-09 19:40:21";"2019-12-09 19:40:21"
"950";"Jemaa";"19";"2019-12-09 19:42:03";"2019-12-09 19:42:03"
"951";"Kiru";"20";"2019-12-11 01:41:57";"2019-12-11 01:41:57"
"952";"Oke Ero";"24";"2019-12-11 13:42:53";"2019-12-11 13:42:53"
"953";"Ekiti";"24";"2019-12-11 13:58:08";"2019-12-11 13:58:08"
"954";"Munya";"27";"2019-12-11 21:42:53";"2019-12-11 21:42:53"
"955";;"29";"2019-12-14 14:58:02";"2019-12-14 14:58:02"
"956";"Ori Ade";"30";"2019-12-14 15:16:33";"2019-12-14 15:16:33"
"957";"Ayeda Ade";"30";"2019-12-14 15:16:41";"2019-12-14 15:16:41"
"958";"Aboa/Odual";"33";"2019-12-15 20:29:50";"2019-12-15 20:29:50"
"959";"Karimu";"2";"2019-12-17 16:04:06";"2019-12-17 16:04:06"
